ticker,sector,spider_id
AAL,Industrials,SECTOR_INDUSTRIALS
AAMI,Financials,SECTOR_FINANCIALS
AAOI,Technology,SECTOR_TECHNOLOGY
AAP,Consumer Discretionary,SECTOR_CONSUMER_DISCRETIONARY
AAPL,Technology,SECTOR_TECHNOLOGY
ABAT,Industrials,SECTOR_INDUSTRIALS
ABBV,Healthcare,SECTOR_HEALTHCARE
ABCB,Financials,SECTOR_FINANCIALS
ABNB,Consumer Discretionary,SECTOR_CONSUMER_DISCRETIONARY
ABSI,Healthcare,SECTOR_HEALTHCARE
ABTC,Financials,SECTOR_FINANCIALS
ABUS,Healthcare,SECTOR_HEALTHCARE
ABX,Financials,SECTOR_FINANCIALS
ACAD,Healthcare,SECTOR_HEALTHCARE
ACHR,Industrials,SECTOR_INDUSTRIALS
ACIC,Financials,SECTOR_FINANCIALS
ACIW,Technology,SECTOR_TECHNOLOGY
ACLS,Technology,SECTOR_TECHNOLOGY
ACM,Industrials,SECTOR_INDUSTRIALS
ACMR,Technology,SECTOR_TECHNOLOGY
ACVA,Consumer Discretionary,SECTOR_CONSUMER_DISCRETIONARY
ADEA,Technology,SECTOR_TECHNOLOGY
ADNT,Consumer Discretionary,SECTOR_CONSUMER_DISCRETIONARY
ADP,Technology,SECTOR_TECHNOLOGY
ADUS,Healthcare,SECTOR_HEALTHCARE
ADX,Financials,SECTOR_FINANCIALS
AEF,Financials,SECTOR_FINANCIALS
AEHR,Technology,SECTOR_TECHNOLOGY
AENT,Communication Services,SECTOR_COMMUNICATION_SERVICES
AEO,Consumer Discretionary,SECTOR_CONSUMER_DISCRETIONARY
AEP,Utilities,SECTOR_UTILITIES
AEVA,Technology,SECTOR_TECHNOLOGY
AFRM,Financials,SECTOR_FINANCIALS
AGD,Financials,SECTOR_FINANCIALS
AGL,Healthcare,SECTOR_HEALTHCARE
AGM,Financials,SECTOR_FINANCIALS
AGYS,Technology,SECTOR_TECHNOLOGY
AIO,Financials,SECTOR_FINANCIALS
AIR,Industrials,SECTOR_INDUSTRIALS
AIZ,Financials,SECTOR_FINANCIALS
AKBA,Healthcare,SECTOR_HEALTHCARE
AL,Industrials,SECTOR_INDUSTRIALS
ALDX,Healthcare,SECTOR_HEALTHCARE
ALF,Financials,SECTOR_FINANCIALS
ALG,Industrials,SECTOR_INDUSTRIALS
ALGM,Technology,SECTOR_TECHNOLOGY
ALGN,Healthcare,SECTOR_HEALTHCARE
ALGT,Industrials,SECTOR_INDUSTRIALS
ALK,Industrials,SECTOR_INDUSTRIALS
ALL,Financials,SECTOR_FINANCIALS
ALNT,Technology,SECTOR_TECHNOLOGY
ALNY,Healthcare,SECTOR_HEALTHCARE
ALRS,Financials,SECTOR_FINANCIALS
ALSN,Consumer Discretionary,SECTOR_CONSUMER_DISCRETIONARY
ALT,Healthcare,SECTOR_HEALTHCARE
AMAL,Financials,SECTOR_FINANCIALS
AMAT,Technology,SECTOR_TECHNOLOGY
AMBA,Technology,SECTOR_TECHNOLOGY
AMD,Technology,SECTOR_TECHNOLOGY
AME,Industrials,SECTOR_INDUSTRIALS
AMG,Financials,SECTOR_FINANCIALS
AMGN,Healthcare,SECTOR_HEALTHCARE
AMKR,Technology,SECTOR_TECHNOLOGY
AMLX,Healthcare,SECTOR_HEALTHCARE
AMP,Financials,SECTOR_FINANCIALS
AMPX,Industrials,SECTOR_INDUSTRIALS
AMR,Materials,SECTOR_MATERIALS
AMRC,Industrials,SECTOR_INDUSTRIALS
AMSC,Industrials,SECTOR_INDUSTRIALS
AMTB,Financials,SECTOR_FINANCIALS
AMWD,Consumer Discretionary,SECTOR_CONSUMER_DISCRETIONARY
AN,Consumer Discretionary,SECTOR_CONSUMER_DISCRETIONARY
ANAB,Healthcare,SECTOR_HEALTHCARE
ANET,Technology,SECTOR_TECHNOLOGY
ANF,Consumer Discretionary,SECTOR_CONSUMER_DISCRETIONARY
ANIP,Healthcare,SECTOR_HEALTHCARE
ANNX,Healthcare,SECTOR_HEALTHCARE
AORT,Healthcare,SECTOR_HEALTHCARE
APEI,Consumer Staples,SECTOR_CONSUMER_STAPLES
APG,Industrials,SECTOR_INDUSTRIALS
APGE,Healthcare,SECTOR_HEALTHCARE
APH,Technology,SECTOR_TECHNOLOGY
APLD,Technology,SECTOR_TECHNOLOGY
APO,Financials,SECTOR_FINANCIALS
APP,Communication Services,SECTOR_COMMUNICATION_SERVICES
AQST,Healthcare,SECTOR_HEALTHCARE
AR,Energy,SECTOR_ENERGY
ARDC,Financials,SECTOR_FINANCIALS
ARDX,Healthcare,SECTOR_HEALTHCARE
AREC,Materials,SECTOR_MATERIALS
ARES,Financials,SECTOR_FINANCIALS
ARHS,Consumer Discretionary,SECTOR_CONSUMER_DISCRETIONARY
ARLO,Industrials,SECTOR_INDUSTRIALS
ARMK,Industrials,SECTOR_INDUSTRIALS
AROW,Financials,SECTOR_FINANCIALS
ARQT,Healthcare,SECTOR_HEALTHCARE
ARVN,Healthcare,SECTOR_HEALTHCARE
ARW,Technology,SECTOR_TECHNOLOGY
ARWR,Healthcare,SECTOR_HEALTHCARE
ASA,Financials,SECTOR_FINANCIALS
ASAN,Technology,SECTOR_TECHNOLOGY
ASB,Financials,SECTOR_FINANCIALS
ASGI,Financials,SECTOR_FINANCIALS
ASMB,Healthcare,SECTOR_HEALTHCARE
ASST,Financials,SECTOR_FINANCIALS
ASTH,Healthcare,SECTOR_HEALTHCARE
ASTS,Technology,SECTOR_TECHNOLOGY
ATEC,Healthcare,SECTOR_HEALTHCARE
ATEN,Technology,SECTOR_TECHNOLOGY
ATGE,Consumer Staples,SECTOR_CONSUMER_STAPLES
ATI,Industrials,SECTOR_INDUSTRIALS
ATKR,Industrials,SECTOR_INDUSTRIALS
ATLC,Financials,SECTOR_FINANCIALS
ATO,Utilities,SECTOR_UTILITIES
ATRC,Healthcare,SECTOR_HEALTHCARE
ATRO,Industrials,SECTOR_INDUSTRIALS
ATXS,Healthcare,SECTOR_HEALTHCARE
AVAH,Healthcare,SECTOR_HEALTHCARE
AVAV,Industrials,SECTOR_INDUSTRIALS
AVBH,Financials,SECTOR_FINANCIALS
AVGO,Technology,SECTOR_TECHNOLOGY
AVPT,Technology,SECTOR_TECHNOLOGY
AVXL,Healthcare,SECTOR_HEALTHCARE
AWI,Industrials,SECTOR_INDUSTRIALS
AWK,Utilities,SECTOR_UTILITIES
AX,Financials,SECTOR_FINANCIALS
AXGN,Healthcare,SECTOR_HEALTHCARE
AXL,Consumer Discretionary,SECTOR_CONSUMER_DISCRETIONARY
AXON,Industrials,SECTOR_INDUSTRIALS
AXP,Financials,SECTOR_FINANCIALS
AXSM,Healthcare,SECTOR_HEALTHCARE
AXTI,Technology,SECTOR_TECHNOLOGY
AYI,Industrials,SECTOR_INDUSTRIALS
AZZ,Industrials,SECTOR_INDUSTRIALS
BA,Industrials,SECTOR_INDUSTRIALS
BANF,Financials,SECTOR_FINANCIALS
BANR,Financials,SECTOR_FINANCIALS
BATRA,Communication Services,SECTOR_COMMUNICATION_SERVICES
BATRK,Communication Services,SECTOR_COMMUNICATION_SERVICES
BAX,Healthcare,SECTOR_HEALTHCARE
BBIO,Healthcare,SECTOR_HEALTHCARE
BBSI,Industrials,SECTOR_INDUSTRIALS
BBW,Consumer Discretionary,SECTOR_CONSUMER_DISCRETIONARY
BBY,Consumer Discretionary,SECTOR_CONSUMER_DISCRETIONARY
BCAL,Financials,SECTOR_FINANCIALS
BCC,Materials,SECTOR_MATERIALS
BCML,Financials,SECTOR_FINANCIALS
BCO,Industrials,SECTOR_INDUSTRIALS
BCPC,Materials,SECTOR_MATERIALS
BCX,Financials,SECTOR_FINANCIALS
BDC,Technology,SECTOR_TECHNOLOGY
BE,Industrials,SECTOR_INDUSTRIALS
BELFA,Technology,SECTOR_TECHNOLOGY
BEN,Financials,SECTOR_FINANCIALS
BEPC,Utilities,SECTOR_UTILITIES
BETR,Financials,SECTOR_FINANCIALS
BFZ,Financials,SECTOR_FINANCIALS
BGC,Financials,SECTOR_FINANCIALS
BGH,Financials,SECTOR_FINANCIALS
BH,Consumer Discretionary,SECTOR_CONSUMER_DISCRETIONARY
BHF,Financials,SECTOR_FINANCIALS
BHRB,Financials,SECTOR_FINANCIALS
BK,Financials,SECTOR_FINANCIALS
BKE,Consumer Discretionary,SECTOR_CONSUMER_DISCRETIONARY
BKKT,Technology,SECTOR_TECHNOLOGY
BKNG,Consumer Discretionary,SECTOR_CONSUMER_DISCRETIONARY
BKR,Energy,SECTOR_ENERGY
BKSY,Industrials,SECTOR_INDUSTRIALS
BKU,Financials,SECTOR_FINANCIALS
BLBD,Industrials,SECTOR_INDUSTRIALS
BLD,Industrials,SECTOR_INDUSTRIALS
BLFS,Healthcare,SECTOR_HEALTHCARE
BLTE,Healthcare,SECTOR_HEALTHCARE
BME,Financials,SECTOR_FINANCIALS
BMI,Technology,SECTOR_TECHNOLOGY
BOKF,Financials,SECTOR_FINANCIALS
BOOT,Consumer Discretionary,SECTOR_CONSUMER_DISCRETIONARY
BPOP,Financials,SECTOR_FINANCIALS
BRK-A,Financials,SECTOR_FINANCIALS
BRK-B,Financials,SECTOR_FINANCIALS
BRO,Financials,SECTOR_FINANCIALS
BRZE,Technology,SECTOR_TECHNOLOGY
BTBT,Financials,SECTOR_FINANCIALS
BTU,Energy,SECTOR_ENERGY
BTZ,Financials,SECTOR_FINANCIALS
BUI,Financials,SECTOR_FINANCIALS
BURL,Consumer Discretionary,SECTOR_CONSUMER_DISCRETIONARY
BUSE,Financials,SECTOR_FINANCIALS
BV,Industrials,SECTOR_INDUSTRIALS
BW,Industrials,SECTOR_INDUSTRIALS
BWA,Consumer Discretionary,SECTOR_CONSUMER_DISCRETIONARY
BWMN,Industrials,SECTOR_INDUSTRIALS
BWXT,Industrials,SECTOR_INDUSTRIALS
BX,Financials,SECTOR_FINANCIALS
BY,Financials,SECTOR_FINANCIALS
BYRN,Industrials,SECTOR_INDUSTRIALS
C,Financials,SECTOR_FINANCIALS
CACI,Technology,SECTOR_TECHNOLOGY
CADE,Financials,SECTOR_FINANCIALS
CAF,Financials,SECTOR_FINANCIALS
CAKE,Consumer Discretionary,SECTOR_CONSUMER_DISCRETIONARY
CALM,Consumer Staples,SECTOR_CONSUMER_STAPLES
CALY,Consumer Discretionary,SECTOR_CONSUMER_DISCRETIONARY
CAPR,Healthcare,SECTOR_HEALTHCARE
CAR,Industrials,SECTOR_INDUSTRIALS
CARE,Financials,SECTOR_FINANCIALS
CARG,Consumer Discretionary,SECTOR_CONSUMER_DISCRETIONARY
CARR,Industrials,SECTOR_INDUSTRIALS
CASH,Financials,SECTOR_FINANCIALS
CASY,Consumer Discretionary,SECTOR_CONSUMER_DISCRETIONARY
CAT,Industrials,SECTOR_INDUSTRIALS
CATY,Financials,SECTOR_FINANCIALS
CBAN,Financials,SECTOR_FINANCIALS
CBSH,Financials,SECTOR_FINANCIALS
CCAP,Financials,SECTOR_FINANCIALS
CCB,Financials,SECTOR_FINANCIALS
CCD,Financials,SECTOR_FINANCIALS
CCL,Consumer Discretionary,SECTOR_CONSUMER_DISCRETIONARY
CCNE,Financials,SECTOR_FINANCIALS
CCO,Communication Services,SECTOR_COMMUNICATION_SERVICES
CCSI,Technology,SECTOR_TECHNOLOGY
CD,Financials,SECTOR_FINANCIALS
CDE,Materials,SECTOR_MATERIALS
CDNA,Healthcare,SECTOR_HEALTHCARE
CDRE,Industrials,SECTOR_INDUSTRIALS
CDW,Technology,SECTOR_TECHNOLOGY
CDZI,Utilities,SECTOR_UTILITIES
CECO,Industrials,SECTOR_INDUSTRIALS
CELC,Healthcare,SECTOR_HEALTHCARE
CELH,Consumer Staples,SECTOR_CONSUMER_STAPLES
CENX,Materials,SECTOR_MATERIALS
CFFN,Financials,SECTOR_FINANCIALS
CFLT,Technology,SECTOR_TECHNOLOGY
CFR,Financials,SECTOR_FINANCIALS
CG,Financials,SECTOR_FINANCIALS
CGNX,Technology,SECTOR_TECHNOLOGY
CGON,Healthcare,SECTOR_HEALTHCARE
CHD,Consumer Staples,SECTOR_CONSUMER_STAPLES
CHEF,Consumer Staples,SECTOR_CONSUMER_STAPLES
CHTR,Communication Services,SECTOR_COMMUNICATION_SERVICES
CIFR,Financials,SECTOR_FINANCIALS
CIVB,Financials,SECTOR_FINANCIALS
CL,Consumer Staples,SECTOR_CONSUMER_STAPLES
CLMT,Materials,SECTOR_MATERIALS
CLPT,Healthcare,SECTOR_HEALTHCARE
CLSK,Financials,SECTOR_FINANCIALS
CM,Financials,SECTOR_FINANCIALS
CMCO,Industrials,SECTOR_INDUSTRIALS
CMG,Consumer Discretionary,SECTOR_CONSUMER_DISCRETIONARY
CMI,Industrials,SECTOR_INDUSTRIALS
CMPX,Healthcare,SECTOR_HEALTHCARE
CMS,Utilities,SECTOR_UTILITIES
CNK,Communication Services,SECTOR_COMMUNICATION_SERVICES
CNOB,Financials,SECTOR_FINANCIALS
CNS,Financials,SECTOR_FINANCIALS
CNX,Energy,SECTOR_ENERGY
CNXN,Technology,SECTOR_TECHNOLOGY
COFS,Financials,SECTOR_FINANCIALS
COGT,Healthcare,SECTOR_HEALTHCARE
COHR,Technology,SECTOR_TECHNOLOGY
COIN,Financials,SECTOR_FINANCIALS
COKE,Consumer Staples,SECTOR_CONSUMER_STAPLES
COLL,Healthcare,SECTOR_HEALTHCARE
CORT,Healthcare,SECTOR_HEALTHCARE
COST,Consumer Staples,SECTOR_CONSUMER_STAPLES
COTY,Consumer Staples,SECTOR_CONSUMER_STAPLES
CPF,Financials,SECTOR_FINANCIALS
CPNG,Consumer Discretionary,SECTOR_CONSUMER_DISCRETIONARY
CPRT,Industrials,SECTOR_INDUSTRIALS
CRAI,Industrials,SECTOR_INDUSTRIALS
CRF,Financials,SECTOR_FINANCIALS
CRI,Consumer Discretionary,SECTOR_CONSUMER_DISCRETIONARY
CRK,Energy,SECTOR_ENERGY
CRMD,Healthcare,SECTOR_HEALTHCARE
CRNX,Healthcare,SECTOR_HEALTHCARE
CROX,Consumer Discretionary,SECTOR_CONSUMER_DISCRETIONARY
CRS,Industrials,SECTOR_INDUSTRIALS
CRSR,Technology,SECTOR_TECHNOLOGY
CRUS,Technology,SECTOR_TECHNOLOGY
CRVL,Financials,SECTOR_FINANCIALS
CRVS,Healthcare,SECTOR_HEALTHCARE
CRWD,Technology,SECTOR_TECHNOLOGY
CSGS,Technology,SECTOR_TECHNOLOGY
CSL,Industrials,SECTOR_INDUSTRIALS
CSW,Industrials,SECTOR_INDUSTRIALS
CSX,Industrials,SECTOR_INDUSTRIALS
CTAS,Industrials,SECTOR_INDUSTRIALS
CTEV,Healthcare,SECTOR_HEALTHCARE
CTGO,Materials,SECTOR_MATERIALS
CTLP,Technology,SECTOR_TECHNOLOGY
CTMX,Healthcare,SECTOR_HEALTHCARE
CTOS,Industrials,SECTOR_INDUSTRIALS
CTRN,Consumer Discretionary,SECTOR_CONSUMER_DISCRETIONARY
CTS,Technology,SECTOR_TECHNOLOGY
CTSH,Technology,SECTOR_TECHNOLOGY
CUBI,Financials,SECTOR_FINANCIALS
CVBF,Financials,SECTOR_FINANCIALS
CVCO,Consumer Discretionary,SECTOR_CONSUMER_DISCRETIONARY
CVGW,Consumer Staples,SECTOR_CONSUMER_STAPLES
CVI,Energy,SECTOR_ENERGY
CVLG,Industrials,SECTOR_INDUSTRIALS
CVLT,Technology,SECTOR_TECHNOLOGY
CVNA,Consumer Discretionary,SECTOR_CONSUMER_DISCRETIONARY
CWBC,Financials,SECTOR_FINANCIALS
CWH,Consumer Discretionary,SECTOR_CONSUMER_DISCRETIONARY
DAKT,Technology,SECTOR_TECHNOLOGY
DAL,Industrials,SECTOR_INDUSTRIALS
DAN,Consumer Discretionary,SECTOR_CONSUMER_DISCRETIONARY
DASH,Consumer Discretionary,SECTOR_CONSUMER_DISCRETIONARY
DAVE,Technology,SECTOR_TECHNOLOGY
DAY,Technology,SECTOR_TECHNOLOGY
DC,Materials,SECTOR_MATERIALS
DCI,Industrials,SECTOR_INDUSTRIALS
DCTH,Healthcare,SECTOR_HEALTHCARE
DD,Materials,SECTOR_MATERIALS
DDOG,Technology,SECTOR_TECHNOLOGY
DE,Industrials,SECTOR_INDUSTRIALS
DECK,Consumer Discretionary,SECTOR_CONSUMER_DISCRETIONARY
DFH,Consumer Discretionary,SECTOR_CONSUMER_DISCRETIONARY
DFIN,Technology,SECTOR_TECHNOLOGY
DFP,Financials,SECTOR_FINANCIALS
DFTX,Healthcare,SECTOR_HEALTHCARE
DG,Consumer Staples,SECTOR_CONSUMER_STAPLES
DGICA,Financials,SECTOR_FINANCIALS
DHI,Consumer Discretionary,SECTOR_CONSUMER_DISCRETIONARY
DINO,Energy,SECTOR_ENERGY
DIS,Communication Services,SECTOR_COMMUNICATION_SERVICES
DJT,Communication Services,SECTOR_COMMUNICATION_SERVICES
DK,Energy,SECTOR_ENERGY
DKS,Consumer Discretionary,SECTOR_CONSUMER_DISCRETIONARY
DLO,Technology,SECTOR_TECHNOLOGY
DLTR,Consumer Staples,SECTOR_CONSUMER_STAPLES
DOCN,Technology,SECTOR_TECHNOLOGY
DOCS,Healthcare,SECTOR_HEALTHCARE
DOV,Industrials,SECTOR_INDUSTRIALS
DOW,Materials,SECTOR_MATERIALS
DRI,Consumer Discretionary,SECTOR_CONSUMER_DISCRETIONARY
DRS,Industrials,SECTOR_INDUSTRIALS
DSGR,Industrials,SECTOR_INDUSTRIALS
DSP,Technology,SECTOR_TECHNOLOGY
DSU,Financials,SECTOR_FINANCIALS
DTM,Energy,SECTOR_ENERGY
DUOL,Technology,SECTOR_TECHNOLOGY
DV,Communication Services,SECTOR_COMMUNICATION_SERVICES
DXPE,Industrials,SECTOR_INDUSTRIALS
DY,Industrials,SECTOR_INDUSTRIALS
DYN,Healthcare,SECTOR_HEALTHCARE
EAT,Consumer Discretionary,SECTOR_CONSUMER_DISCRETIONARY
EBC,Financials,SECTOR_FINANCIALS
ECL,Materials,SECTOR_MATERIALS
ECPG,Financials,SECTOR_FINANCIALS
EE,Energy,SECTOR_ENERGY
EFX,Industrials,SECTOR_INDUSTRIALS
EGY,Energy,SECTOR_ENERGY
ELA,Consumer Discretionary,SECTOR_CONSUMER_DISCRETIONARY
ELAN,Healthcare,SECTOR_HEALTHCARE
ELF,Consumer Staples,SECTOR_CONSUMER_STAPLES
EME,Industrials,SECTOR_INDUSTRIALS
EMN,Materials,SECTOR_MATERIALS
EMR,Industrials,SECTOR_INDUSTRIALS
ENS,Industrials,SECTOR_INDUSTRIALS
ENSG,Healthcare,SECTOR_HEALTHCARE
ENTA,Healthcare,SECTOR_HEALTHCARE
ENVA,Financials,SECTOR_FINANCIALS
ENVX,Industrials,SECTOR_INDUSTRIALS
EOI,Financials,SECTOR_FINANCIALS
EOSE,Industrials,SECTOR_INDUSTRIALS
EPAM,Technology,SECTOR_TECHNOLOGY
EPD,Energy,SECTOR_ENERGY
EQH,Financials,SECTOR_FINANCIALS
ERAS,Healthcare,SECTOR_HEALTHCARE
ERIE,Financials,SECTOR_FINANCIALS
ESE,Technology,SECTOR_TECHNOLOGY
ESPR,Healthcare,SECTOR_HEALTHCARE
ESTA,Healthcare,SECTOR_HEALTHCARE
ETB,Financials,SECTOR_FINANCIALS
ETJ,Financials,SECTOR_FINANCIALS
ETON,Healthcare,SECTOR_HEALTHCARE
ETR,Utilities,SECTOR_UTILITIES
ETV,Financials,SECTOR_FINANCIALS
EU,Energy,SECTOR_ENERGY
EVCM,Technology,SECTOR_TECHNOLOGY
EVER,Communication Services,SECTOR_COMMUNICATION_SERVICES
EVI,Industrials,SECTOR_INDUSTRIALS
EVLV,Industrials,SECTOR_INDUSTRIALS
EVR,Financials,SECTOR_FINANCIALS
EVRG,Utilities,SECTOR_UTILITIES
EWBC,Financials,SECTOR_FINANCIALS
EXAS,Healthcare,SECTOR_HEALTHCARE
EXE,Energy,SECTOR_ENERGY
EXLS,Technology,SECTOR_TECHNOLOGY
EXP,Materials,SECTOR_MATERIALS
EXPE,Consumer Discretionary,SECTOR_CONSUMER_DISCRETIONARY
EXPO,Industrials,SECTOR_INDUSTRIALS
EXTR,Technology,SECTOR_TECHNOLOGY
EYE,Consumer Discretionary,SECTOR_CONSUMER_DISCRETIONARY
EYPT,Healthcare,SECTOR_HEALTHCARE
EZPW,Financials,SECTOR_FINANCIALS
FA,Industrials,SECTOR_INDUSTRIALS
FAF,Financials,SECTOR_FINANCIALS
FBIZ,Financials,SECTOR_FINANCIALS
FBNC,Financials,SECTOR_FINANCIALS
FBP,Financials,SECTOR_FINANCIALS
FBRX,Healthcare,SECTOR_HEALTHCARE
FCF,Financials,SECTOR_FINANCIALS
FCNCA,Financials,SECTOR_FINANCIALS
FCX,Materials,SECTOR_MATERIALS
FDMT,Healthcare,SECTOR_HEALTHCARE
FDP,Consumer Staples,SECTOR_CONSUMER_STAPLES
FDUS,Financials,SECTOR_FINANCIALS
FDX,Industrials,SECTOR_INDUSTRIALS
FE,Utilities,SECTOR_UTILITIES
FEIM,Technology,SECTOR_TECHNOLOGY
FET,Energy,SECTOR_ENERGY
FFA,Financials,SECTOR_FINANCIALS
FFBC,Financials,SECTOR_FINANCIALS
FFC,Financials,SECTOR_FINANCIALS
FHB,Financials,SECTOR_FINANCIALS
FHI,Financials,SECTOR_FINANCIALS
FIBK,Financials,SECTOR_FINANCIALS
FICO,Technology,SECTOR_TECHNOLOGY
FISV,Technology,SECTOR_TECHNOLOGY
FITB,Financials,SECTOR_FINANCIALS
FIVE,Consumer Discretionary,SECTOR_CONSUMER_DISCRETIONARY
FIX,Industrials,SECTOR_INDUSTRIALS
FIZZ,Consumer Staples,SECTOR_CONSUMER_STAPLES
FLEX,Technology,SECTOR_TECHNOLOGY
FLNC,Utilities,SECTOR_UTILITIES
FLYW,Technology,SECTOR_TECHNOLOGY
FMBH,Financials,SECTOR_FINANCIALS
FMNB,Financials,SECTOR_FINANCIALS
FNB,Financials,SECTOR_FINANCIALS
FOF,Financials,SECTOR_FINANCIALS
FOLD,Healthcare,SECTOR_HEALTHCARE
FOUR,Technology,SECTOR_TECHNOLOGY
FOX,Communication Services,SECTOR_COMMUNICATION_SERVICES
FOXA,Communication Services,SECTOR_COMMUNICATION_SERVICES
FPF,Financials,SECTOR_FINANCIALS
FRBA,Financials,SECTOR_FINANCIALS
FRGE,Financials,SECTOR_FINANCIALS
FRME,Financials,SECTOR_FINANCIALS
FROG,Technology,SECTOR_TECHNOLOGY
FRPT,Consumer Staples,SECTOR_CONSUMER_STAPLES
FRSH,Technology,SECTOR_TECHNOLOGY
FRST,Financials,SECTOR_FINANCIALS
FSBC,Financials,SECTOR_FINANCIALS
FSBW,Financials,SECTOR_FINANCIALS
FSLR,Technology,SECTOR_TECHNOLOGY
FSS,Industrials,SECTOR_INDUSTRIALS
FSTR,Industrials,SECTOR_INDUSTRIALS
FTAI,Industrials,SECTOR_INDUSTRIALS
FTDR,Consumer Discretionary,SECTOR_CONSUMER_DISCRETIONARY
FTI,Energy,SECTOR_ENERGY
FUL,Materials,SECTOR_MATERIALS
FULC,Healthcare,SECTOR_HEALTHCARE
FULT,Financials,SECTOR_FINANCIALS
FWRD,Industrials,SECTOR_INDUSTRIALS
FWRG,Consumer Discretionary,SECTOR_CONSUMER_DISCRETIONARY
GAP,Consumer Discretionary,SECTOR_CONSUMER_DISCRETIONARY
GATX,Industrials,SECTOR_INDUSTRIALS
GBCI,Financials,SECTOR_FINANCIALS
GBX,Industrials,SECTOR_INDUSTRIALS
GCT,Technology,SECTOR_TECHNOLOGY
GDDY,Technology,SECTOR_TECHNOLOGY
GDV,Financials,SECTOR_FINANCIALS
GE,Industrials,SECTOR_INDUSTRIALS
GEL,Energy,SECTOR_ENERGY
GERN,Healthcare,SECTOR_HEALTHCARE
GEVO,Materials,SECTOR_MATERIALS
GFF,Industrials,SECTOR_INDUSTRIALS
GGG,Industrials,SECTOR_INDUSTRIALS
GH,Healthcare,SECTOR_HEALTHCARE
GHC,Consumer Staples,SECTOR_CONSUMER_STAPLES
GHM,Industrials,SECTOR_INDUSTRIALS
GILD,Healthcare,SECTOR_HEALTHCARE
GKOS,Healthcare,SECTOR_HEALTHCARE
GL,Financials,SECTOR_FINANCIALS
GLAD,Financials,SECTOR_FINANCIALS
GLSI,Healthcare,SECTOR_HEALTHCARE
GLW,Technology,SECTOR_TECHNOLOGY
GNE,Utilities,SECTOR_UTILITIES
GNK,Industrials,SECTOR_INDUSTRIALS
GNRC,Industrials,SECTOR_INDUSTRIALS
GNTX,Consumer Discretionary,SECTOR_CONSUMER_DISCRETIONARY
GOLD,Financials,SECTOR_FINANCIALS
GPCR,Healthcare,SECTOR_HEALTHCARE
GPGI,Industrials,SECTOR_INDUSTRIALS
GPI,Consumer Discretionary,SECTOR_CONSUMER_DISCRETIONARY
GPOR,Energy,SECTOR_ENERGY
GRND,Technology,SECTOR_TECHNOLOGY
GRNT,Energy,SECTOR_ENERGY
GS,Financials,SECTOR_FINANCIALS
GSBC,Financials,SECTOR_FINANCIALS
GTES,Industrials,SECTOR_INDUSTRIALS
GTLS,Industrials,SECTOR_INDUSTRIALS
GVA,Industrials,SECTOR_INDUSTRIALS
GXO,Industrials,SECTOR_INDUSTRIALS
GYRE,Healthcare,SECTOR_HEALTHCARE
HAE,Healthcare,SECTOR_HEALTHCARE
HALO,Healthcare,SECTOR_HEALTHCARE
HBAN,Financials,SECTOR_FINANCIALS
HBCP,Financials,SECTOR_FINANCIALS
HBNC,Financials,SECTOR_FINANCIALS
HBT,Financials,SECTOR_FINANCIALS
HCC,Materials,SECTOR_MATERIALS
HDSN,Materials,SECTOR_MATERIALS
HFWA,Financials,SECTOR_FINANCIALS
HIG,Financials,SECTOR_FINANCIALS
HII,Industrials,SECTOR_INDUSTRIALS
HIMS,Healthcare,SECTOR_HEALTHCARE
HIVE,Financials,SECTOR_FINANCIALS
HIX,Financials,SECTOR_FINANCIALS
HL,Materials,SECTOR_MATERIALS
HLI,Financials,SECTOR_FINANCIALS
HLIO,Industrials,SECTOR_INDUSTRIALS
HLLY,Consumer Discretionary,SECTOR_CONSUMER_DISCRETIONARY
HLNE,Financials,SECTOR_FINANCIALS
HLT,Consumer Discretionary,SECTOR_CONSUMER_DISCRETIONARY
HLX,Energy,SECTOR_ENERGY
HNI,Consumer Discretionary,SECTOR_CONSUMER_DISCRETIONARY
HNRG,Energy,SECTOR_ENERGY
HOG,Consumer Discretionary,SECTOR_CONSUMER_DISCRETIONARY
HON,Industrials,SECTOR_INDUSTRIALS
HOOD,Financials,SECTOR_FINANCIALS
HOPE,Financials,SECTOR_FINANCIALS
HOV,Consumer Discretionary,SECTOR_CONSUMER_DISCRETIONARY
HP,Energy,SECTOR_ENERGY
HPQ,Technology,SECTOR_TECHNOLOGY
HQH,Financials,SECTOR_FINANCIALS
HQL,Financials,SECTOR_FINANCIALS
HQY,Healthcare,SECTOR_HEALTHCARE
HRI,Industrials,SECTOR_INDUSTRIALS
HRMY,Healthcare,SECTOR_HEALTHCARE
HROW,Healthcare,SECTOR_HEALTHCARE
HRTG,Financials,SECTOR_FINANCIALS
HSTM,Healthcare,SECTOR_HEALTHCARE
HTBK,Financials,SECTOR_FINANCIALS
HTGC,Financials,SECTOR_FINANCIALS
HTZ,Industrials,SECTOR_INDUSTRIALS
HUBB,Industrials,SECTOR_INDUSTRIALS
HUBG,Industrials,SECTOR_INDUSTRIALS
HUBS,Technology,SECTOR_TECHNOLOGY
HUN,Materials,SECTOR_MATERIALS
HUT,Financials,SECTOR_FINANCIALS
HWC,Financials,SECTOR_FINANCIALS
HYLN,Consumer Discretionary,SECTOR_CONSUMER_DISCRETIONARY
HYMC,Materials,SECTOR_MATERIALS
IAC,Communication Services,SECTOR_COMMUNICATION_SERVICES
IBCP,Financials,SECTOR_FINANCIALS
IBEX,Technology,SECTOR_TECHNOLOGY
IBKR,Financials,SECTOR_FINANCIALS
IBM,Technology,SECTOR_TECHNOLOGY
IBP,Consumer Discretionary,SECTOR_CONSUMER_DISCRETIONARY
IBRX,Healthcare,SECTOR_HEALTHCARE
ICE,Financials,SECTOR_FINANCIALS
ICUI,Healthcare,SECTOR_HEALTHCARE
IDA,Utilities,SECTOR_UTILITIES
IDCC,Technology,SECTOR_TECHNOLOGY
IDR,Materials,SECTOR_MATERIALS
IDYA,Healthcare,SECTOR_HEALTHCARE
IE,Materials,SECTOR_MATERIALS
IEX,Industrials,SECTOR_INDUSTRIALS
IIIV,Technology,SECTOR_TECHNOLOGY
IIM,Financials,SECTOR_FINANCIALS
IMMX,Healthcare,SECTOR_HEALTHCARE
IMNM,Healthcare,SECTOR_HEALTHCARE
IMRX,Healthcare,SECTOR_HEALTHCARE
INBX,Healthcare,SECTOR_HEALTHCARE
INCY,Healthcare,SECTOR_HEALTHCARE
INDB,Financials,SECTOR_FINANCIALS
INDI,Technology,SECTOR_TECHNOLOGY
INDV,Healthcare,SECTOR_HEALTHCARE
INGR,Consumer Staples,SECTOR_CONSUMER_STAPLES
INNV,Healthcare,SECTOR_HEALTHCARE
INOD,Technology,SECTOR_TECHNOLOGY
INSM,Healthcare,SECTOR_HEALTHCARE
INSW,Energy,SECTOR_ENERGY
INVA,Healthcare,SECTOR_HEALTHCARE
IONQ,Technology,SECTOR_TECHNOLOGY
IONS,Healthcare,SECTOR_HEALTHCARE
IPAR,Consumer Staples,SECTOR_CONSUMER_STAPLES
IQV,Healthcare,SECTOR_HEALTHCARE
IR,Industrials,SECTOR_INDUSTRIALS
IRON,Healthcare,SECTOR_HEALTHCARE
IRWD,Healthcare,SECTOR_HEALTHCARE
ISBA,Financials,SECTOR_FINANCIALS
ISRG,Healthcare,SECTOR_HEALTHCARE
ISSC,Industrials,SECTOR_INDUSTRIALS
ITT,Industrials,SECTOR_INDUSTRIALS
IVVD,Healthcare,SECTOR_HEALTHCARE
IVZ,Financials,SECTOR_FINANCIALS
JAMF,Technology,SECTOR_TECHNOLOGY
JANX,Healthcare,SECTOR_HEALTHCARE
JBHT,Industrials,SECTOR_INDUSTRIALS
JBI,Industrials,SECTOR_INDUSTRIALS
JBL,Technology,SECTOR_TECHNOLOGY
JEF,Financials,SECTOR_FINANCIALS
JOBY,Industrials,SECTOR_INDUSTRIALS
JPM,Financials,SECTOR_FINANCIALS
JXN,Financials,SECTOR_FINANCIALS
KAI,Industrials,SECTOR_INDUSTRIALS
KALU,Materials,SECTOR_MATERIALS
KALV,Healthcare,SECTOR_HEALTHCARE
KD,Technology,SECTOR_TECHNOLOGY
KE,Industrials,SECTOR_INDUSTRIALS
KEX,Industrials,SECTOR_INDUSTRIALS
KFS,Consumer Discretionary,SECTOR_CONSUMER_DISCRETIONARY
KKR,Financials,SECTOR_FINANCIALS
KLAC,Technology,SECTOR_TECHNOLOGY
KLIC,Technology,SECTOR_TECHNOLOGY
KMPR,Financials,SECTOR_FINANCIALS
KMT,Industrials,SECTOR_INDUSTRIALS
KNTK,Energy,SECTOR_ENERGY
KO,Consumer Staples,SECTOR_CONSUMER_STAPLES
KOD,Healthcare,SECTOR_HEALTHCARE
KOPN,Technology,SECTOR_TECHNOLOGY
KROS,Healthcare,SECTOR_HEALTHCARE
KRUS,Consumer Discretionary,SECTOR_CONSUMER_DISCRETIONARY
KRYS,Healthcare,SECTOR_HEALTHCARE
KSS,Consumer Discretionary,SECTOR_CONSUMER_DISCRETIONARY
KTF,Financials,SECTOR_FINANCIALS
KTOS,Industrials,SECTOR_INDUSTRIALS
KVUE,Consumer Staples,SECTOR_CONSUMER_STAPLES
KYMR,Healthcare,SECTOR_HEALTHCARE
LAD,Consumer Discretionary,SECTOR_CONSUMER_DISCRETIONARY
LASR,Technology,SECTOR_TECHNOLOGY
LAUR,Consumer Staples,SECTOR_CONSUMER_STAPLES
LAW,Technology,SECTOR_TECHNOLOGY
LAZ,Financials,SECTOR_FINANCIALS
LBRDA,Communication Services,SECTOR_COMMUNICATION_SERVICES
LBRT,Energy,SECTOR_ENERGY
LDI,Financials,SECTOR_FINANCIALS
LDOS,Technology,SECTOR_TECHNOLOGY
LEGH,Consumer Discretionary,SECTOR_CONSUMER_DISCRETIONARY
LEGN,Healthcare,SECTOR_HEALTHCARE
LEU,Energy,SECTOR_ENERGY
LFST,Healthcare,SECTOR_HEALTHCARE
LGND,Healthcare,SECTOR_HEALTHCARE
LHX,Industrials,SECTOR_INDUSTRIALS
LIFE,Financials,SECTOR_FINANCIALS
LII,Industrials,SECTOR_INDUSTRIALS
LILAK,Communication Services,SECTOR_COMMUNICATION_SERVICES
LINC,Consumer Staples,SECTOR_CONSUMER_STAPLES
LIND,Consumer Discretionary,SECTOR_CONSUMER_DISCRETIONARY
LITE,Technology,SECTOR_TECHNOLOGY
LLY,Healthcare,SECTOR_HEALTHCARE
LMT,Industrials,SECTOR_INDUSTRIALS
LNKB,Financials,SECTOR_FINANCIALS
LOB,Financials,SECTOR_FINANCIALS
LOPE,Consumer Staples,SECTOR_CONSUMER_STAPLES
LOW,Consumer Discretionary,SECTOR_CONSUMER_DISCRETIONARY
LPTH,Technology,SECTOR_TECHNOLOGY
LQDA,Healthcare,SECTOR_HEALTHCARE
LRCX,Technology,SECTOR_TECHNOLOGY
LRN,Consumer Staples,SECTOR_CONSUMER_STAPLES
LSCC,Technology,SECTOR_TECHNOLOGY
LTBR,Industrials,SECTOR_INDUSTRIALS
LTH,Consumer Discretionary,SECTOR_CONSUMER_DISCRETIONARY
LUMN,Communication Services,SECTOR_COMMUNICATION_SERVICES
LUNR,Industrials,SECTOR_INDUSTRIALS
LVS,Consumer Discretionary,SECTOR_CONSUMER_DISCRETIONARY
LVWR,Consumer Discretionary,SECTOR_CONSUMER_DISCRETIONARY
LWAY,Consumer Staples,SECTOR_CONSUMER_STAPLES
LXFR,Industrials,SECTOR_INDUSTRIALS
LXRX,Healthcare,SECTOR_HEALTHCARE
LYEL,Healthcare,SECTOR_HEALTHCARE
LYFT,Technology,SECTOR_TECHNOLOGY
LYTS,Technology,SECTOR_TECHNOLOGY
LYV,Communication Services,SECTOR_COMMUNICATION_SERVICES
LZ,Industrials,SECTOR_INDUSTRIALS
MA,Financials,SECTOR_FINANCIALS
MAIN,Financials,SECTOR_FINANCIALS
MAMA,Consumer Staples,SECTOR_CONSUMER_STAPLES
MANH,Technology,SECTOR_TECHNOLOGY
MARA,Financials,SECTOR_FINANCIALS
MASI,Healthcare,SECTOR_HEALTHCARE
MATV,Materials,SECTOR_MATERIALS
MATW,Industrials,SECTOR_INDUSTRIALS
MATX,Industrials,SECTOR_INDUSTRIALS
MAX,Communication Services,SECTOR_COMMUNICATION_SERVICES
MBI,Financials,SECTOR_FINANCIALS
MBIN,Financials,SECTOR_FINANCIALS
MBWM,Financials,SECTOR_FINANCIALS
MCB,Financials,SECTOR_FINANCIALS
MCHB,Financials,SECTOR_FINANCIALS
MCHP,Technology,SECTOR_TECHNOLOGY
MCO,Financials,SECTOR_FINANCIALS
MCS,Communication Services,SECTOR_COMMUNICATION_SERVICES
MCY,Financials,SECTOR_FINANCIALS
MDB,Technology,SECTOR_TECHNOLOGY
MDGL,Healthcare,SECTOR_HEALTHCARE
MDLZ,Consumer Staples,SECTOR_CONSUMER_STAPLES
MDU,Utilities,SECTOR_UTILITIES
MDXG,Healthcare,SECTOR_HEALTHCARE
MEDP,Healthcare,SECTOR_HEALTHCARE
MEG,Industrials,SECTOR_INDUSTRIALS
MEGI,Financials,SECTOR_FINANCIALS
MELI,Consumer Discretionary,SECTOR_CONSUMER_DISCRETIONARY
META,Communication Services,SECTOR_COMMUNICATION_SERVICES
MFIC,Financials,SECTOR_FINANCIALS
MG,Industrials,SECTOR_INDUSTRIALS
MGNI,Communication Services,SECTOR_COMMUNICATION_SERVICES
MHK,Consumer Discretionary,SECTOR_CONSUMER_DISCRETIONARY
MHN,Financials,SECTOR_FINANCIALS
MHO,Consumer Discretionary,SECTOR_CONSUMER_DISCRETIONARY
MIR,Industrials,SECTOR_INDUSTRIALS
MKSI,Technology,SECTOR_TECHNOLOGY
MKTX,Financials,SECTOR_FINANCIALS
MLKN,Consumer Discretionary,SECTOR_CONSUMER_DISCRETIONARY
MLM,Materials,SECTOR_MATERIALS
MLR,Consumer Discretionary,SECTOR_CONSUMER_DISCRETIONARY
MLYS,Healthcare,SECTOR_HEALTHCARE
MMS,Industrials,SECTOR_INDUSTRIALS
MNKD,Healthcare,SECTOR_HEALTHCARE
MNPR,Healthcare,SECTOR_HEALTHCARE
MOD,Consumer Discretionary,SECTOR_CONSUMER_DISCRETIONARY
MOFG,Financials,SECTOR_FINANCIALS
MPC,Energy,SECTOR_ENERGY
MRAM,Technology,SECTOR_TECHNOLOGY
MRNA,Healthcare,SECTOR_HEALTHCARE
MRTN,Industrials,SECTOR_INDUSTRIALS
MRVL,Technology,SECTOR_TECHNOLOGY
MS,Financials,SECTOR_FINANCIALS
MSBI,Financials,SECTOR_FINANCIALS
MSFT,Technology,SECTOR_TECHNOLOGY
MSGE,Consumer Discretionary,SECTOR_CONSUMER_DISCRETIONARY
MSI,Technology,SECTOR_TECHNOLOGY
MSTR,Technology,SECTOR_TECHNOLOGY
MTB,Financials,SECTOR_FINANCIALS
MTD,Healthcare,SECTOR_HEALTHCARE
MTDR,Energy,SECTOR_ENERGY
MTW,Industrials,SECTOR_INDUSTRIALS
MU,Technology,SECTOR_TECHNOLOGY
MUA,Financials,SECTOR_FINANCIALS
MUC,Financials,SECTOR_FINANCIALS
MVBF,Financials,SECTOR_FINANCIALS
MYI,Financials,SECTOR_FINANCIALS
MYN,Financials,SECTOR_FINANCIALS
MYRG,Industrials,SECTOR_INDUSTRIALS
MZTI,Consumer Staples,SECTOR_CONSUMER_STAPLES
NAC,Financials,SECTOR_FINANCIALS
NAGE,Healthcare,SECTOR_HEALTHCARE
NAN,Financials,SECTOR_FINANCIALS
NATH,Consumer Discretionary,SECTOR_CONSUMER_DISCRETIONARY
NATR,Consumer Staples,SECTOR_CONSUMER_STAPLES
NBB,Financials,SECTOR_FINANCIALS
NBHC,Financials,SECTOR_FINANCIALS
NBN,Financials,SECTOR_FINANCIALS
NBP,Healthcare,SECTOR_HEALTHCARE
NCLH,Consumer Discretionary,SECTOR_CONSUMER_DISCRETIONARY
NDAQ,Financials,SECTOR_FINANCIALS
NDSN,Industrials,SECTOR_INDUSTRIALS
NE,Energy,SECTOR_ENERGY
NECB,Financials,SECTOR_FINANCIALS
NEE,Utilities,SECTOR_UTILITIES
NEGG,Consumer Discretionary,SECTOR_CONSUMER_DISCRETIONARY
NEM,Materials,SECTOR_MATERIALS
NEO,Healthcare,SECTOR_HEALTHCARE
NEOG,Healthcare,SECTOR_HEALTHCARE
NET,Technology,SECTOR_TECHNOLOGY
NEU,Materials,SECTOR_MATERIALS
NEWT,Financials,SECTOR_FINANCIALS
NFBK,Financials,SECTOR_FINANCIALS
NFLX,Communication Services,SECTOR_COMMUNICATION_SERVICES
NG,Materials,SECTOR_MATERIALS
NGL,Energy,SECTOR_ENERGY
NGS,Energy,SECTOR_ENERGY
NGVC,Consumer Staples,SECTOR_CONSUMER_STAPLES
NGVT,Materials,SECTOR_MATERIALS
NHC,Healthcare,SECTOR_HEALTHCARE
NIC,Financials,SECTOR_FINANCIALS
NIQ,Financials,SECTOR_FINANCIALS
NKTR,Healthcare,SECTOR_HEALTHCARE
NMAI,Financials,SECTOR_FINANCIALS
NMIH,Financials,SECTOR_FINANCIALS
NN,Technology,SECTOR_TECHNOLOGY
NNI,Financials,SECTOR_FINANCIALS
NPCE,Healthcare,SECTOR_HEALTHCARE
NPKI,Energy,SECTOR_ENERGY
NPO,Industrials,SECTOR_INDUSTRIALS
NPWR,Industrials,SECTOR_INDUSTRIALS
NQP,Financials,SECTOR_FINANCIALS
NRDS,Communication Services,SECTOR_COMMUNICATION_SERVICES
NRG,Utilities,SECTOR_UTILITIES
NRGV,Utilities,SECTOR_UTILITIES
NRIM,Financials,SECTOR_FINANCIALS
NRIX,Healthcare,SECTOR_HEALTHCARE
NRK,Financials,SECTOR_FINANCIALS
NSIT,Technology,SECTOR_TECHNOLOGY
NSSC,Industrials,SECTOR_INDUSTRIALS
NTAP,Technology,SECTOR_TECHNOLOGY
NTNX,Technology,SECTOR_TECHNOLOGY
NTRA,Healthcare,SECTOR_HEALTHCARE
NTRS,Financials,SECTOR_FINANCIALS
NUTX,Healthcare,SECTOR_HEALTHCARE
NVAX,Healthcare,SECTOR_HEALTHCARE
NVDA,Technology,SECTOR_TECHNOLOGY
NVRI,Industrials,SECTOR_INDUSTRIALS
NVTS,Technology,SECTOR_TECHNOLOGY
NWBI,Financials,SECTOR_FINANCIALS
NWFL,Financials,SECTOR_FINANCIALS
NWPX,Materials,SECTOR_MATERIALS
NXDR,Communication Services,SECTOR_COMMUNICATION_SERVICES
NXJ,Financials,SECTOR_FINANCIALS
NXT,Technology,SECTOR_TECHNOLOGY
NYT,Communication Services,SECTOR_COMMUNICATION_SERVICES
OBT,Financials,SECTOR_FINANCIALS
OCFC,Financials,SECTOR_FINANCIALS
OCGN,Healthcare,SECTOR_HEALTHCARE
OCUL,Healthcare,SECTOR_HEALTHCARE
ODC,Materials,SECTOR_MATERIALS
ODFL,Industrials,SECTOR_INDUSTRIALS
OFG,Financials,SECTOR_FINANCIALS
OFIX,Healthcare,SECTOR_HEALTHCARE
OGN,Healthcare,SECTOR_HEALTHCARE
OII,Energy,SECTOR_ENERGY
OIS,Energy,SECTOR_ENERGY
OKE,Energy,SECTOR_ENERGY
OLLI,Consumer Staples,SECTOR_CONSUMER_STAPLES
OLMA,Healthcare,SECTOR_HEALTHCARE
OMCL,Healthcare,SECTOR_HEALTHCARE
OMER,Healthcare,SECTOR_HEALTHCARE
ONB,Financials,SECTOR_FINANCIALS
ONDS,Technology,SECTOR_TECHNOLOGY
OPCH,Healthcare,SECTOR_HEALTHCARE
OPFI,Financials,SECTOR_FINANCIALS
OPK,Healthcare,SECTOR_HEALTHCARE
OPLN,Consumer Discretionary,SECTOR_CONSUMER_DISCRETIONARY
OPY,Financials,SECTOR_FINANCIALS
ORA,Utilities,SECTOR_UTILITIES
ORCL,Technology,SECTOR_TECHNOLOGY
ORI,Financials,SECTOR_FINANCIALS
ORIC,Healthcare,SECTOR_HEALTHCARE
ORKA,Healthcare,SECTOR_HEALTHCARE
ORRF,Financials,SECTOR_FINANCIALS
OSCR,Healthcare,SECTOR_HEALTHCARE
OSIS,Technology,SECTOR_TECHNOLOGY
OUST,Technology,SECTOR_TECHNOLOGY
OVV,Energy,SECTOR_ENERGY
OWL,Financials,SECTOR_FINANCIALS
OZK,Financials,SECTOR_FINANCIALS
PACK,Consumer Discretionary,SECTOR_CONSUMER_DISCRETIONARY
PAHC,Healthcare,SECTOR_HEALTHCARE
PANL,Industrials,SECTOR_INDUSTRIALS
PANW,Technology,SECTOR_TECHNOLOGY
PAR,Technology,SECTOR_TECHNOLOGY
PARR,Energy,SECTOR_ENERGY
PATH,Technology,SECTOR_TECHNOLOGY
PAYO,Technology,SECTOR_TECHNOLOGY
PAYX,Technology,SECTOR_TECHNOLOGY
PB,Financials,SECTOR_FINANCIALS
PBI,Industrials,SECTOR_INDUSTRIALS
PCAR,Industrials,SECTOR_INDUSTRIALS
PCB,Financials,SECTOR_FINANCIALS
PCN,Financials,SECTOR_FINANCIALS
PCOR,Technology,SECTOR_TECHNOLOGY
PCRX,Healthcare,SECTOR_HEALTHCARE
PCT,Industrials,SECTOR_INDUSTRIALS
PCVX,Healthcare,SECTOR_HEALTHCARE
PDFS,Technology,SECTOR_TECHNOLOGY
PDT,Financials,SECTOR_FINANCIALS
PEBO,Financials,SECTOR_FINANCIALS
PEGA,Technology,SECTOR_TECHNOLOGY
PEN,Healthcare,SECTOR_HEALTHCARE
PENG,Technology,SECTOR_TECHNOLOGY
PEO,Financials,SECTOR_FINANCIALS
PEPG,Healthcare,SECTOR_HEALTHCARE
PFBC,Financials,SECTOR_FINANCIALS
PFG,Financials,SECTOR_FINANCIALS
PFN,Financials,SECTOR_FINANCIALS
PFS,Financials,SECTOR_FINANCIALS
PFSI,Financials,SECTOR_FINANCIALS
PGY,Technology,SECTOR_TECHNOLOGY
PH,Industrials,SECTOR_INDUSTRIALS
PHAT,Healthcare,SECTOR_HEALTHCARE
PHK,Financials,SECTOR_FINANCIALS
PHM,Consumer Discretionary,SECTOR_CONSUMER_DISCRETIONARY
PI,Technology,SECTOR_TECHNOLOGY
PIPR,Financials,SECTOR_FINANCIALS
PJT,Financials,SECTOR_FINANCIALS
PL,Industrials,SECTOR_INDUSTRIALS
PLAB,Technology,SECTOR_TECHNOLOGY
PLAY,Communication Services,SECTOR_COMMUNICATION_SERVICES
PLBC,Financials,SECTOR_FINANCIALS
PLOW,Consumer Discretionary,SECTOR_CONSUMER_DISCRETIONARY
PLSE,Healthcare,SECTOR_HEALTHCARE
PLUS,Technology,SECTOR_TECHNOLOGY
PM,Consumer Staples,SECTOR_CONSUMER_STAPLES
PNFP,Financials,SECTOR_FINANCIALS
PNNT,Financials,SECTOR_FINANCIALS
PNW,Utilities,SECTOR_UTILITIES
PODD,Healthcare,SECTOR_HEALTHCARE
POWI,Technology,SECTOR_TECHNOLOGY
POWL,Industrials,SECTOR_INDUSTRIALS
PPC,Consumer Staples,SECTOR_CONSUMER_STAPLES
PPG,Materials,SECTOR_MATERIALS
PPL,Utilities,SECTOR_UTILITIES
PPTA,Materials,SECTOR_MATERIALS
PR,Energy,SECTOR_ENERGY
PRCH,Technology,SECTOR_TECHNOLOGY
PRDO,Consumer Staples,SECTOR_CONSUMER_STAPLES
PRG,Industrials,SECTOR_INDUSTRIALS
PRIM,Industrials,SECTOR_INDUSTRIALS
PRK,Financials,SECTOR_FINANCIALS
PRLB,Industrials,SECTOR_INDUSTRIALS
PRM,Materials,SECTOR_MATERIALS
PRMB,Consumer Staples,SECTOR_CONSUMER_STAPLES
PRME,Healthcare,SECTOR_HEALTHCARE
PRVA,Healthcare,SECTOR_HEALTHCARE
PSIX,Industrials,SECTOR_INDUSTRIALS
PSMT,Consumer Staples,SECTOR_CONSUMER_STAPLES
PSN,Technology,SECTOR_TECHNOLOGY
PSTG,Technology,SECTOR_TECHNOLOGY
PTA,Financials,SECTOR_FINANCIALS
PTGX,Healthcare,SECTOR_HEALTHCARE
PUMP,Energy,SECTOR_ENERGY
PVLA,Healthcare,SECTOR_HEALTHCARE
PWP,Financials,SECTOR_FINANCIALS
PX,Financials,SECTOR_FINANCIALS
PZZA,Consumer Discretionary,SECTOR_CONSUMER_DISCRETIONARY
QBTS,Technology,SECTOR_TECHNOLOGY
QCOM,Technology,SECTOR_TECHNOLOGY
QCRH,Financials,SECTOR_FINANCIALS
QTWO,Technology,SECTOR_TECHNOLOGY
QUAD,Industrials,SECTOR_INDUSTRIALS
QUBT,Technology,SECTOR_TECHNOLOGY
RAMP,Technology,SECTOR_TECHNOLOGY
RAPT,Healthcare,SECTOR_HEALTHCARE
RBB,Financials,SECTOR_FINANCIALS
RBC,Industrials,SECTOR_INDUSTRIALS
RBCAA,Financials,SECTOR_FINANCIALS
RBLX,Communication Services,SECTOR_COMMUNICATION_SERVICES
RCAT,Industrials,SECTOR_INDUSTRIALS
RCL,Consumer Discretionary,SECTOR_CONSUMER_DISCRETIONARY
RCUS,Healthcare,SECTOR_HEALTHCARE
RDDT,Communication Services,SECTOR_COMMUNICATION_SERVICES
RDN,Financials,SECTOR_FINANCIALS
RDW,Industrials,SECTOR_INDUSTRIALS
REAL,Consumer Discretionary,SECTOR_CONSUMER_DISCRETIONARY
REGN,Healthcare,SECTOR_HEALTHCARE
RELY,Technology,SECTOR_TECHNOLOGY
REPX,Energy,SECTOR_ENERGY
REVG,Industrials,SECTOR_INDUSTRIALS
REZI,Industrials,SECTOR_INDUSTRIALS
RF,Financials,SECTOR_FINANCIALS
RGLD,Materials,SECTOR_MATERIALS
RGTI,Technology,SECTOR_TECHNOLOGY
RH,Consumer Discretionary,SECTOR_CONSUMER_DISCRETIONARY
RIGL,Healthcare,SECTOR_HEALTHCARE
RIOT,Financials,SECTOR_FINANCIALS
RJF,Financials,SECTOR_FINANCIALS
RKLB,Industrials,SECTOR_INDUSTRIALS
RKT,Financials,SECTOR_FINANCIALS
RL,Consumer Discretionary,SECTOR_CONSUMER_DISCRETIONARY
RLAY,Healthcare,SECTOR_HEALTHCARE
RMBS,Technology,SECTOR_TECHNOLOGY
RMNI,Technology,SECTOR_TECHNOLOGY
RMT,Financials,SECTOR_FINANCIALS
RNA,Healthcare,SECTOR_HEALTHCARE
RNST,Financials,SECTOR_FINANCIALS
ROK,Industrials,SECTOR_INDUSTRIALS
ROKU,Communication Services,SECTOR_COMMUNICATION_SERVICES
ROOT,Financials,SECTOR_FINANCIALS
ROST,Consumer Discretionary,SECTOR_CONSUMER_DISCRETIONARY
RPM,Materials,SECTOR_MATERIALS
RRBI,Financials,SECTOR_FINANCIALS
RRR,Consumer Discretionary,SECTOR_CONSUMER_DISCRETIONARY
RRX,Industrials,SECTOR_INDUSTRIALS
RS,Materials,SECTOR_MATERIALS
RSG,Industrials,SECTOR_INDUSTRIALS
RTX,Industrials,SECTOR_INDUSTRIALS
RUSHA,Consumer Discretionary,SECTOR_CONSUMER_DISCRETIONARY
RVLV,Consumer Discretionary,SECTOR_CONSUMER_DISCRETIONARY
RVMD,Healthcare,SECTOR_HEALTHCARE
RXRX,Healthcare,SECTOR_HEALTHCARE
RXST,Healthcare,SECTOR_HEALTHCARE
RYAM,Materials,SECTOR_MATERIALS
RYTM,Healthcare,SECTOR_HEALTHCARE
RZLT,Healthcare,SECTOR_HEALTHCARE
SAIA,Industrials,SECTOR_INDUSTRIALS
SAIC,Technology,SECTOR_TECHNOLOGY
SANA,Healthcare,SECTOR_HEALTHCARE
SATL,Industrials,SECTOR_INDUSTRIALS
SATS,Communication Services,SECTOR_COMMUNICATION_SERVICES
SBH,Consumer Discretionary,SECTOR_CONSUMER_DISCRETIONARY
SBSI,Financials,SECTOR_FINANCIALS
SBUX,Consumer Discretionary,SECTOR_CONSUMER_DISCRETIONARY
SCCO,Materials,SECTOR_MATERIALS
SCHW,Financials,SECTOR_FINANCIALS
SCL,Materials,SECTOR_MATERIALS
SCM,Financials,SECTOR_FINANCIALS
SCSC,Technology,SECTOR_TECHNOLOGY
SEB,Industrials,SECTOR_INDUSTRIALS
SEE,Consumer Discretionary,SECTOR_CONSUMER_DISCRETIONARY
SEI,Energy,SECTOR_ENERGY
SEIC,Financials,SECTOR_FINANCIALS
SEMR,Technology,SECTOR_TECHNOLOGY
SENEA,Consumer Staples,SECTOR_CONSUMER_STAPLES
SES,Consumer Discretionary,SECTOR_CONSUMER_DISCRETIONARY
SFBS,Financials,SECTOR_FINANCIALS
SFST,Financials,SECTOR_FINANCIALS
SG,Consumer Discretionary,SECTOR_CONSUMER_DISCRETIONARY
SGHT,Healthcare,SECTOR_HEALTHCARE
SGI,Consumer Discretionary,SECTOR_CONSUMER_DISCRETIONARY
SHAK,Consumer Discretionary,SECTOR_CONSUMER_DISCRETIONARY
SHBI,Financials,SECTOR_FINANCIALS
SHC,Healthcare,SECTOR_HEALTHCARE
SHLS,Technology,SECTOR_TECHNOLOGY
SHOO,Consumer Discretionary,SECTOR_CONSUMER_DISCRETIONARY
SHW,Materials,SECTOR_MATERIALS
SIMA,Financials,SECTOR_FINANCIALS
SITM,Technology,SECTOR_TECHNOLOGY
SKYT,Technology,SECTOR_TECHNOLOGY
SKYW,Industrials,SECTOR_INDUSTRIALS
SLGN,Consumer Discretionary,SECTOR_CONSUMER_DISCRETIONARY
SLM,Financials,SECTOR_FINANCIALS
SLNO,Healthcare,SECTOR_HEALTHCARE
SLP,Healthcare,SECTOR_HEALTHCARE
SM,Energy,SECTOR_ENERGY
SMBC,Financials,SECTOR_FINANCIALS
SMBK,Financials,SECTOR_FINANCIALS
SMG,Materials,SECTOR_MATERIALS
SMP,Consumer Discretionary,SECTOR_CONSUMER_DISCRETIONARY
SMPL,Consumer Staples,SECTOR_CONSUMER_STAPLES
SMR,Industrials,SECTOR_INDUSTRIALS
SNA,Industrials,SECTOR_INDUSTRIALS
SNAP,Communication Services,SECTOR_COMMUNICATION_SERVICES
SNDA,Healthcare,SECTOR_HEALTHCARE
SNOW,Technology,SECTOR_TECHNOLOGY
SNPS,Technology,SECTOR_TECHNOLOGY
SO,Utilities,SECTOR_UTILITIES
SOFI,Financials,SECTOR_FINANCIALS
SONO,Technology,SECTOR_TECHNOLOGY
SOUN,Technology,SECTOR_TECHNOLOGY
SPFI,Financials,SECTOR_FINANCIALS
SPGI,Financials,SECTOR_FINANCIALS
SPH,Utilities,SECTOR_UTILITIES
SPHR,Communication Services,SECTOR_COMMUNICATION_SERVICES
SPIR,Industrials,SECTOR_INDUSTRIALS
SPRY,Healthcare,SECTOR_HEALTHCARE
SPXC,Industrials,SECTOR_INDUSTRIALS
SR,Utilities,SECTOR_UTILITIES
SRCE,Financials,SECTOR_FINANCIALS
SSB,Financials,SECTOR_FINANCIALS
SSD,Materials,SECTOR_MATERIALS
SSII,Healthcare,SECTOR_HEALTHCARE
SSRM,Materials,SECTOR_MATERIALS
SSTK,Communication Services,SECTOR_COMMUNICATION_SERVICES
STAA,Healthcare,SECTOR_HEALTHCARE
STBA,Financials,SECTOR_FINANCIALS
STEP,Financials,SECTOR_FINANCIALS
STEW,Financials,SECTOR_FINANCIALS
STGW,Communication Services,SECTOR_COMMUNICATION_SERVICES
STK,Financials,SECTOR_FINANCIALS
STKL,Consumer Staples,SECTOR_CONSUMER_STAPLES
STRA,Consumer Staples,SECTOR_CONSUMER_STAPLES
STRL,Industrials,SECTOR_INDUSTRIALS
STX,Technology,SECTOR_TECHNOLOGY
STZ,Consumer Staples,SECTOR_CONSUMER_STAPLES
SUPN,Healthcare,SECTOR_HEALTHCARE
SVRA,Healthcare,SECTOR_HEALTHCARE
SWIM,Industrials,SECTOR_INDUSTRIALS
SWKS,Technology,SECTOR_TECHNOLOGY
SXC,Materials,SECTOR_MATERIALS
SXI,Industrials,SECTOR_INDUSTRIALS
SYF,Financials,SECTOR_FINANCIALS
SYK,Healthcare,SECTOR_HEALTHCARE
T,Communication Services,SECTOR_COMMUNICATION_SERVICES
TALK,Healthcare,SECTOR_HEALTHCARE
TAP,Consumer Staples,SECTOR_CONSUMER_STAPLES
TARS,Healthcare,SECTOR_HEALTHCARE
TASK,Technology,SECTOR_TECHNOLOGY
TBBK,Financials,SECTOR_FINANCIALS
TBPH,Healthcare,SECTOR_HEALTHCARE
TBRG,Healthcare,SECTOR_HEALTHCARE
TCBI,Financials,SECTOR_FINANCIALS
TCBK,Financials,SECTOR_FINANCIALS
TCBX,Financials,SECTOR_FINANCIALS
TCPC,Financials,SECTOR_FINANCIALS
TDG,Industrials,SECTOR_INDUSTRIALS
TDUP,Consumer Discretionary,SECTOR_CONSUMER_DISCRETIONARY
TDW,Energy,SECTOR_ENERGY
TDY,Technology,SECTOR_TECHNOLOGY
TE,Industrials,SECTOR_INDUSTRIALS
TEAM,Technology,SECTOR_TECHNOLOGY
TER,Technology,SECTOR_TECHNOLOGY
TERN,Healthcare,SECTOR_HEALTHCARE
TEX,Industrials,SECTOR_INDUSTRIALS
TFC,Financials,SECTOR_FINANCIALS
TFSL,Financials,SECTOR_FINANCIALS
TGTX,Healthcare,SECTOR_HEALTHCARE
THC,Healthcare,SECTOR_HEALTHCARE
THFF,Financials,SECTOR_FINANCIALS
THO,Consumer Discretionary,SECTOR_CONSUMER_DISCRETIONARY
THR,Industrials,SECTOR_INDUSTRIALS
THW,Financials,SECTOR_FINANCIALS
TILE,Consumer Discretionary,SECTOR_CONSUMER_DISCRETIONARY
TMO,Healthcare,SECTOR_HEALTHCARE
TMUS,Communication Services,SECTOR_COMMUNICATION_SERVICES
TNC,Industrials,SECTOR_INDUSTRIALS
TNDM,Healthcare,SECTOR_HEALTHCARE
TNET,Industrials,SECTOR_INDUSTRIALS
TNGX,Healthcare,SECTOR_HEALTHCARE
TNL,Consumer Discretionary,SECTOR_CONSUMER_DISCRETIONARY
TOST,Technology,SECTOR_TECHNOLOGY
TPB,Consumer Staples,SECTOR_CONSUMER_STAPLES
TPC,Industrials,SECTOR_INDUSTRIALS
TPG,Financials,SECTOR_FINANCIALS
TPL,Energy,SECTOR_ENERGY
TPR,Consumer Discretionary,SECTOR_CONSUMER_DISCRETIONARY
TRDA,Healthcare,SECTOR_HEALTHCARE
TREE,Financials,SECTOR_FINANCIALS
TREX,Industrials,SECTOR_INDUSTRIALS
TRIP,Consumer Discretionary,SECTOR_CONSUMER_DISCRETIONARY
TRMB,Technology,SECTOR_TECHNOLOGY
TRMK,Financials,SECTOR_FINANCIALS
TRN,Industrials,SECTOR_INDUSTRIALS
TROX,Materials,SECTOR_MATERIALS
TRST,Financials,SECTOR_FINANCIALS
TRV,Financials,SECTOR_FINANCIALS
TRVI,Healthcare,SECTOR_HEALTHCARE
TSBK,Financials,SECTOR_FINANCIALS
TSHA,Healthcare,SECTOR_HEALTHCARE
TSLA,Consumer Discretionary,SECTOR_CONSUMER_DISCRETIONARY
TTC,Industrials,SECTOR_INDUSTRIALS
TTD,Communication Services,SECTOR_COMMUNICATION_SERVICES
TTEK,Industrials,SECTOR_INDUSTRIALS
TTI,Industrials,SECTOR_INDUSTRIALS
TTMI,Technology,SECTOR_TECHNOLOGY
TVTX,Healthcare,SECTOR_HEALTHCARE
TW,Financials,SECTOR_FINANCIALS
TWLO,Technology,SECTOR_TECHNOLOGY
TWN,Financials,SECTOR_FINANCIALS
TWST,Healthcare,SECTOR_HEALTHCARE
TXG,Healthcare,SECTOR_HEALTHCARE
TXN,Technology,SECTOR_TECHNOLOGY
TXNM,Utilities,SECTOR_UTILITIES
TXRH,Consumer Discretionary,SECTOR_CONSUMER_DISCRETIONARY
TYRA,Healthcare,SECTOR_HEALTHCARE
UA,Consumer Discretionary,SECTOR_CONSUMER_DISCRETIONARY
UAL,Industrials,SECTOR_INDUSTRIALS
UAMY,Materials,SECTOR_MATERIALS
UBER,Technology,SECTOR_TECHNOLOGY
UBSI,Financials,SECTOR_FINANCIALS
UCB,Financials,SECTOR_FINANCIALS
UCTT,Technology,SECTOR_TECHNOLOGY
UEC,Energy,SECTOR_ENERGY
UHAL,Industrials,SECTOR_INDUSTRIALS
UHS,Healthcare,SECTOR_HEALTHCARE
UI,Technology,SECTOR_TECHNOLOGY
ULCC,Industrials,SECTOR_INDUSTRIALS
ULTA,Consumer Discretionary,SECTOR_CONSUMER_DISCRETIONARY
UNFI,Consumer Staples,SECTOR_CONSUMER_STAPLES
UNP,Industrials,SECTOR_INDUSTRIALS
UNTY,Financials,SECTOR_FINANCIALS
UPST,Financials,SECTOR_FINANCIALS
UPWK,Communication Services,SECTOR_COMMUNICATION_SERVICES
URBN,Consumer Discretionary,SECTOR_CONSUMER_DISCRETIONARY
URI,Industrials,SECTOR_INDUSTRIALS
USB,Financials,SECTOR_FINANCIALS
USCB,Financials,SECTOR_FINANCIALS
USFD,Consumer Staples,SECTOR_CONSUMER_STAPLES
USLM,Materials,SECTOR_MATERIALS
UTG,Financials,SECTOR_FINANCIALS
UTHR,Healthcare,SECTOR_HEALTHCARE
UTI,Consumer Staples,SECTOR_CONSUMER_STAPLES
UTL,Utilities,SECTOR_UTILITIES
UUUU,Energy,SECTOR_ENERGY
UVE,Financials,SECTOR_FINANCIALS
UVSP,Financials,SECTOR_FINANCIALS
UVV,Consumer Staples,SECTOR_CONSUMER_STAPLES
V,Financials,SECTOR_FINANCIALS
VAC,Consumer Discretionary,SECTOR_CONSUMER_DISCRETIONARY
VC,Consumer Discretionary,SECTOR_CONSUMER_DISCRETIONARY
VCEL,Healthcare,SECTOR_HEALTHCARE
VCV,Financials,SECTOR_FINANCIALS
VEL,Financials,SECTOR_FINANCIALS
VERA,Healthcare,SECTOR_HEALTHCARE
VFF,Consumer Staples,SECTOR_CONSUMER_STAPLES
VHI,Materials,SECTOR_MATERIALS
VIA,Technology,SECTOR_TECHNOLOGY
VIAV,Technology,SECTOR_TECHNOLOGY
VICR,Technology,SECTOR_TECHNOLOGY
VITL,Consumer Staples,SECTOR_CONSUMER_STAPLES
VKTX,Healthcare,SECTOR_HEALTHCARE
VLO,Energy,SECTOR_ENERGY
VLY,Financials,SECTOR_FINANCIALS
VMC,Materials,SECTOR_MATERIALS
VMD,Healthcare,SECTOR_HEALTHCARE
VNT,Technology,SECTOR_TECHNOLOGY
VRDN,Healthcare,SECTOR_HEALTHCARE
VRT,Industrials,SECTOR_INDUSTRIALS
VRTS,Financials,SECTOR_FINANCIALS
VSCO,Consumer Discretionary,SECTOR_CONSUMER_DISCRETIONARY
VSEC,Industrials,SECTOR_INDUSTRIALS
VST,Utilities,SECTOR_UTILITIES
VSTM,Healthcare,SECTOR_HEALTHCARE
VTOL,Energy,SECTOR_ENERGY
VTRS,Healthcare,SECTOR_HEALTHCARE
VTYX,Healthcare,SECTOR_HEALTHCARE
VVV,Consumer Discretionary,SECTOR_CONSUMER_DISCRETIONARY
VYX,Technology,SECTOR_TECHNOLOGY
W,Consumer Discretionary,SECTOR_CONSUMER_DISCRETIONARY
WAB,Industrials,SECTOR_INDUSTRIALS
WABC,Financials,SECTOR_FINANCIALS
WAFD,Financials,SECTOR_FINANCIALS
WAT,Healthcare,SECTOR_HEALTHCARE
WBD,Communication Services,SECTOR_COMMUNICATION_SERVICES
WD,Financials,SECTOR_FINANCIALS
WDAY,Technology,SECTOR_TECHNOLOGY
WDC,Technology,SECTOR_TECHNOLOGY
WEAV,Healthcare,SECTOR_HEALTHCARE
WEX,Technology,SECTOR_TECHNOLOGY
WFC,Financials,SECTOR_FINANCIALS
WGS,Healthcare,SECTOR_HEALTHCARE
WH,Consumer Discretionary,SECTOR_CONSUMER_DISCRETIONARY
WINA,Consumer Discretionary,SECTOR_CONSUMER_DISCRETIONARY
WING,Consumer Discretionary,SECTOR_CONSUMER_DISCRETIONARY
WLDN,Industrials,SECTOR_INDUSTRIALS
WLFC,Industrials,SECTOR_INDUSTRIALS
WM,Industrials,SECTOR_INDUSTRIALS
WMB,Energy,SECTOR_ENERGY
WMG,Communication Services,SECTOR_COMMUNICATION_SERVICES
WMS,Industrials,SECTOR_INDUSTRIALS
WMT,Consumer Staples,SECTOR_CONSUMER_STAPLES
WNC,Industrials,SECTOR_INDUSTRIALS
WOLF,Technology,SECTOR_TECHNOLOGY
WOOF,Consumer Discretionary,SECTOR_CONSUMER_DISCRETIONARY
WOR,Industrials,SECTOR_INDUSTRIALS
WRBY,Healthcare,SECTOR_HEALTHCARE
WRLD,Financials,SECTOR_FINANCIALS
WS,Materials,SECTOR_MATERIALS
WSBC,Financials,SECTOR_FINANCIALS
WSFS,Financials,SECTOR_FINANCIALS
WSM,Consumer Discretionary,SECTOR_CONSUMER_DISCRETIONARY
WT,Financials,SECTOR_FINANCIALS
WTS,Industrials,SECTOR_INDUSTRIALS
WULF,Financials,SECTOR_FINANCIALS
WYNN,Consumer Discretionary,SECTOR_CONSUMER_DISCRETIONARY
XERS,Healthcare,SECTOR_HEALTHCARE
XMTR,Industrials,SECTOR_INDUSTRIALS
XNCR,Healthcare,SECTOR_HEALTHCARE
XPO,Industrials,SECTOR_INDUSTRIALS
XPRO,Energy,SECTOR_ENERGY
XYL,Industrials,SECTOR_INDUSTRIALS
YOU,Technology,SECTOR_TECHNOLOGY
Z,Communication Services,SECTOR_COMMUNICATION_SERVICES
ZBRA,Technology,SECTOR_TECHNOLOGY
ZUMZ,Consumer Discretionary,SECTOR_CONSUMER_DISCRETIONARY
ZURA,Healthcare,SECTOR_HEALTHCARE
ZVRA,Healthcare,SECTOR_HEALTHCARE
